Channel, Energy (keV), Counts
1, 0.43199265003204346, 0
2, 0.8639853000640869, 0
3, 1.2959779500961304, 0
4, 1.7279706001281738, 0
5, 2.1599632501602173, 0
6, 2.5919559001922607, 0
7, 3.023948550224304, 4
8, 3.4559412002563477, 53
9, 3.887933850288391, 50
10, 4.319926500320435, 77
11, 4.751919150352478, 71
12, 5.1839118003845215, 81
13, 5.615904450416565, 84
14, 6.047897100448608, 67
15, 6.479889750480652, 81
16, 6.911882400512695, 66
17, 7.343875050544739, 77
18, 7.775867700576782, 73
19, 8.207860350608826, 80
20, 8.63985300064087, 77
21, 9.071845650672913, 69
22, 9.503838300704956, 75
23, 9.935830950737, 57
24, 10.367823600769043, 65
25, 10.799816250801086, 71
26, 11.23180890083313, 70
27, 11.663801550865173, 70
28, 12.095794200897217, 74
29, 12.52778685092926, 76
30, 12.959779500961304, 67
31, 13.391772150993347, 79
32, 13.82376480102539, 73
33, 14.255757451057434, 82
34, 14.687750101089478, 76
35, 15.119742751121521, 71
36, 15.551735401153564, 67
37, 15.983728051185608, 80
38, 16.41572070121765, 73
39, 16.847713351249695, 82
40, 17.27970600128174, 78
41, 17.71169865131378, 70
42, 18.143691301345825, 72
43, 18.57568395137787, 86
44, 19.007676601409912, 86
45, 19.439669251441956, 79
46, 19.871661901474, 60
47, 20.303654551506042, 73
48, 20.735647201538086, 82
49, 21.16763985157013, 83
50, 21.599632501602173, 67
51, 22.031625151634216, 76
52, 22.46361780166626, 64
53, 22.895610451698303, 70
54, 23.327603101730347, 71
55, 23.75959575176239, 57
56, 24.191588401794434, 80
57, 24.623581051826477, 78
58, 25.05557370185852, 71
59, 25.487566351890564, 70
60, 25.919559001922607, 68
61, 26.35155165195465, 66
62, 26.783544301986694, 77
63, 27.215536952018738, 70
64, 27.64752960205078, 76
65, 28.079522252082825, 69
66, 28.511514902114868, 77
67, 28.94350755214691, 75
68, 29.375500202178955, 111
69, 29.807492852211, 78
70, 30.239485502243042, 79
71, 30.671478152275085, 63
72, 31.10347080230713, 83
73, 31.535463452339172, 91
74, 31.967456102371216, 78
75, 32.39944875240326, 94
76, 32.8314414024353, 68
77, 33.263434052467346, 71
78, 33.69542670249939, 81
79, 34.12741935253143, 78
80, 34.55941200256348, 88
81, 34.99140465259552, 106
82, 35.42339730262756, 70
83, 35.85538995265961, 75
84, 36.28738260269165, 86
85, 36.719375252723694, 73
86, 37.15136790275574, 80
87, 37.58336055278778, 85
88, 38.015353202819824, 79
89, 38.44734585285187, 97
90, 38.87933850288391, 63
91, 39.311331152915955, 71
92, 39.743323802948, 94
93, 40.17531645298004, 85
94, 40.607309103012085, 70
95, 41.03930175304413, 81
96, 41.47129440307617, 84
97, 41.903287053108215, 76
98, 42.33527970314026, 103
99, 42.7672723531723, 85
100, 43.199265003204346, 94
101, 43.63125765323639, 91
102, 44.06325030326843, 95
103, 44.495242953300476, 78
104, 44.92723560333252, 97
105, 45.35922825336456, 99
106, 45.791220903396606, 125
107, 46.22321355342865, 102
108, 46.65520620346069, 103
109, 47.08719885349274, 114
110, 47.51919150352478, 79
111, 47.951184153556824, 110
112, 48.38317680358887, 104
113, 48.81516945362091, 98
114, 49.247162103652954, 88
115, 49.679154753685, 90
116, 50.11114740371704, 89
117, 50.543140053749084, 96
118, 50.97513270378113, 107
119, 51.40712535381317, 102
120, 51.839118003845215, 100
121, 52.27111065387726, 92
122, 52.7031033039093, 94
123, 53.135095953941345, 107
124, 53.56708860397339, 106
125, 53.99908125400543, 83
126, 54.431073904037476, 102
127, 54.86306655406952, 84
128, 55.29505920410156, 87
129, 55.727051854133606, 98
130, 56.15904450416565, 97
131, 56.59103715419769, 90
132, 57.023029804229736, 98
133, 57.45502245426178, 87
134, 57.88701510429382, 80
135, 58.31900775432587, 86
136, 58.75100040435791, 102
137, 59.182993054389954, 86
138, 59.614985704422, 99
139, 60.04697835445404, 94
140, 60.478971004486084, 114
141, 60.91096365451813, 108
142, 61.34295630455017, 100
143, 61.774948954582214, 100
144, 62.20694160461426, 79
145, 62.6389342546463, 95
146, 63.070926904678345, 122
147, 63.50291955471039, 87
148, 63.93491220474243, 95
149, 64.36690485477448, 113
150, 64.79889750480652, 81
151, 65.23089015483856, 96
152, 65.6628828048706, 91
153, 66.09487545490265, 96
154, 66.52686810493469, 107
155, 66.95886075496674, 106
156, 67.39085340499878, 114
157, 67.82284605503082, 98
158, 68.25483870506287, 94
159, 68.68683135509491, 103
160, 69.11882400512695, 104
161, 69.550816655159, 110
162, 69.98280930519104, 96
163, 70.41480195522308, 99
164, 70.84679460525513, 130
165, 71.27878725528717, 115
166, 71.71077990531921, 104
167, 72.14277255535126, 103
168, 72.5747652053833, 120
169, 73.00675785541534, 128
170, 73.43875050544739, 123
171, 73.87074315547943, 114
172, 74.30273580551147, 155
173, 74.73472845554352, 136
174, 75.16672110557556, 133
175, 75.5987137556076, 145
176, 76.03070640563965, 164
177, 76.46269905567169, 178
178, 76.89469170570374, 167
179, 77.32668435573578, 168
180, 77.75867700576782, 195
181, 78.19066965579987, 216
182, 78.62266230583191, 221
183, 79.05465495586395, 253
184, 79.486647605896, 259
185, 79.91864025592804, 233
186, 80.35063290596008, 267
187, 80.78262555599213, 273
188, 81.21461820602417, 280
189, 81.64661085605621, 270
190, 82.07860350608826, 303
191, 82.5105961561203, 278
192, 82.94258880615234, 258
193, 83.37458145618439, 278
194, 83.80657410621643, 261
195, 84.23856675624847, 241
196, 84.67055940628052, 276
197, 85.10255205631256, 268
198, 85.5345447063446, 274
199, 85.96653735637665, 221
200, 86.39853000640869, 208
201, 86.83052265644073, 192
202, 87.26251530647278, 199
203, 87.69450795650482, 182
204, 88.12650060653687, 184
205, 88.55849325656891, 194
206, 88.99048590660095, 168
207, 89.422478556633, 169
208, 89.85447120666504, 169
209, 90.28646385669708, 175
210, 90.71845650672913, 173
211, 91.15044915676117, 197
212, 91.58244180679321, 184
213, 92.01443445682526, 202
214, 92.4464271068573, 185
215, 92.87841975688934, 190
216, 93.31041240692139, 177
217, 93.74240505695343, 187
218, 94.17439770698547, 175
219, 94.60639035701752, 182
220, 95.03838300704956, 183
221, 95.4703756570816, 197
222, 95.90236830711365, 172
223, 96.33436095714569, 178
224, 96.76635360717773, 135
225, 97.19834625720978, 188
226, 97.63033890724182, 171
227, 98.06233155727386, 173
228, 98.49432420730591, 161
229, 98.92631685733795, 143
230, 99.35830950737, 134
231, 99.79030215740204, 156
232, 100.22229480743408, 144
233, 100.65428745746613, 128
234, 101.08628010749817, 115
235, 101.51827275753021, 140
236, 101.95026540756226, 131
237, 102.3822580575943, 119
238, 102.81425070762634, 118
239, 103.24624335765839, 146
240, 103.67823600769043, 129
241, 104.11022865772247, 121
242, 104.54222130775452, 140
243, 104.97421395778656, 133
244, 105.4062066078186, 124
245, 105.83819925785065, 126
246, 106.27019190788269, 122
247, 106.70218455791473, 102
248, 107.13417720794678, 143
249, 107.56616985797882, 134
250, 107.99816250801086, 151
251, 108.43015515804291, 139
252, 108.86214780807495, 115
253, 109.294140458107, 142
254, 109.72613310813904, 102
255, 110.15812575817108, 137
256, 110.59011840820313, 119
257, 111.02211105823517, 103
258, 111.45410370826721, 117
259, 111.88609635829926, 146
260, 112.3180890083313, 110
261, 112.75008165836334, 147
262, 113.18207430839539, 110
263, 113.61406695842743, 122
264, 114.04605960845947, 114
265, 114.47805225849152, 118
266, 114.91004490852356, 123
267, 115.3420375585556, 139
268, 115.77403020858765, 126
269, 116.20602285861969, 144
270, 116.63801550865173, 130
271, 117.07000815868378, 139
272, 117.50200080871582, 114
273, 117.93399345874786, 135
274, 118.36598610877991, 134
275, 118.79797875881195, 129
276, 119.229971408844, 129
277, 119.66196405887604, 121
278, 120.09395670890808, 146
279, 120.52594935894012, 154
280, 120.95794200897217, 125
281, 121.38993465900421, 124
282, 121.82192730903625, 126
283, 122.2539199590683, 122
284, 122.68591260910034, 148
285, 123.11790525913239, 151
286, 123.54989790916443, 140
287, 123.98189055919647, 147
288, 124.41388320922852, 119
289, 124.84587585926056, 141
290, 125.2778685092926, 137
291, 125.70986115932465, 139
292, 126.14185380935669, 148
293, 126.57384645938873, 150
294, 127.00583910942078, 110
295, 127.43783175945282, 152
296, 127.86982440948486, 143
297, 128.3018170595169, 152
298, 128.73380970954895, 139
299, 129.165802359581, 144
300, 129.59779500961304, 150
301, 130.02978765964508, 151
302, 130.46178030967712, 133
303, 130.89377295970917, 157
304, 131.3257656097412, 130
305, 131.75775825977325, 141
306, 132.1897509098053, 131
307, 132.62174355983734, 152
308, 133.05373620986938, 133
309, 133.48572885990143, 160
310, 133.91772150993347, 140
311, 134.34971415996552, 133
312, 134.78170680999756, 126
313, 135.2136994600296, 135
314, 135.64569211006165, 152
315, 136.0776847600937, 142
316, 136.50967741012573, 152
317, 136.94167006015778, 129
318, 137.37366271018982, 120
319, 137.80565536022186, 136
320, 138.2376480102539, 129
321, 138.66964066028595, 142
322, 139.101633310318, 158
323, 139.53362596035004, 127
324, 139.96561861038208, 130
325, 140.39761126041412, 131
326, 140.82960391044617, 160
327, 141.2615965604782, 131
328, 141.69358921051025, 149
329, 142.1255818605423, 145
330, 142.55757451057434, 154
331, 142.98956716060638, 140
332, 143.42155981063843, 152
333, 143.85355246067047, 158
334, 144.28554511070251, 132
335, 144.71753776073456, 154
336, 145.1495304107666, 137
337, 145.58152306079865, 136
338, 146.0135157108307, 150
339, 146.44550836086273, 137
340, 146.87750101089478, 142
341, 147.30949366092682, 134
342, 147.74148631095886, 124
343, 148.1734789609909, 134
344, 148.60547161102295, 129
345, 149.037464261055, 139
346, 149.46945691108704, 155
347, 149.90144956111908, 148
348, 150.33344221115112, 134
349, 150.76543486118317, 145
350, 151.1974275112152, 109
351, 151.62942016124725, 132
352, 152.0614128112793, 118
353, 152.49340546131134, 137
354, 152.92539811134338, 135
355, 153.35739076137543, 125
356, 153.78938341140747, 125
357, 154.2213760614395, 127
358, 154.65336871147156, 138
359, 155.0853613615036, 127
360, 155.51735401153564, 131
361, 155.9493466615677, 135
362, 156.38133931159973, 130
363, 156.81333196163177, 120
364, 157.24532461166382, 128
365, 157.67731726169586, 125
366, 158.1093099117279, 137
367, 158.54130256175995, 125
368, 158.973295211792, 129
369, 159.40528786182404, 120
370, 159.83728051185608, 138
371, 160.26927316188812, 127
372, 160.70126581192017, 121
373, 161.1332584619522, 128
374, 161.56525111198425, 130
375, 161.9972437620163, 132
376, 162.42923641204834, 127
377, 162.86122906208038, 141
378, 163.29322171211243, 122
379, 163.72521436214447, 138
380, 164.1572070121765, 110
381, 164.58919966220856, 149
382, 165.0211923122406, 159
383, 165.45318496227264, 130
384, 165.8851776123047, 129
385, 166.31717026233673, 113
386, 166.74916291236877, 114
387, 167.18115556240082, 131
388, 167.61314821243286, 123
389, 168.0451408624649, 119
390, 168.47713351249695, 150
391, 168.909126162529, 143
392, 169.34111881256104, 147
393, 169.77311146259308, 148
394, 170.20510411262512, 132
395, 170.63709676265717, 114
396, 171.0690894126892, 141
397, 171.50108206272125, 122
398, 171.9330747127533, 126
399, 172.36506736278534, 138
400, 172.79706001281738, 146
401, 173.22905266284943, 115
402, 173.66104531288147, 132
403, 174.0930379629135, 137
404, 174.52503061294556, 127
405, 174.9570232629776, 121
406, 175.38901591300964, 125
407, 175.8210085630417, 123
408, 176.25300121307373, 136
409, 176.68499386310577, 117
410, 177.11698651313782, 124
411, 177.54897916316986, 119
412, 177.9809718132019, 128
413, 178.41296446323395, 117
414, 178.844957113266, 141
415, 179.27694976329803, 143
416, 179.70894241333008, 123
417, 180.14093506336212, 126
418, 180.57292771339417, 114
419, 181.0049203634262, 120
420, 181.43691301345825, 128
421, 181.8689056634903, 140
422, 182.30089831352234, 121
423, 182.73289096355438, 147
424, 183.16488361358643, 117
425, 183.59687626361847, 127
426, 184.0288689136505, 130
427, 184.46086156368256, 118
428, 184.8928542137146, 117
429, 185.32484686374664, 141
430, 185.7568395137787, 123
431, 186.18883216381073, 122
432, 186.62082481384277, 113
433, 187.05281746387482, 132
434, 187.48481011390686, 103
435, 187.9168027639389, 133
436, 188.34879541397095, 149
437, 188.780788064003, 126
438, 189.21278071403503, 138
439, 189.64477336406708, 133
440, 190.07676601409912, 104
441, 190.50875866413116, 133
442, 190.9407513141632, 125
443, 191.37274396419525, 129
444, 191.8047366142273, 119
445, 192.23672926425934, 109
446, 192.66872191429138, 110
447, 193.10071456432343, 122
448, 193.53270721435547, 131
449, 193.9646998643875, 92
450, 194.39669251441956, 126
451, 194.8286851644516, 123
452, 195.26067781448364, 132
453, 195.6926704645157, 131
454, 196.12466311454773, 120
455, 196.55665576457977, 133
456, 196.98864841461182, 151
457, 197.42064106464386, 102
458, 197.8526337146759, 111
459, 198.28462636470795, 109
460, 198.71661901474, 132
461, 199.14861166477203, 115
462, 199.58060431480408, 105
463, 200.01259696483612, 115
464, 200.44458961486816, 125
465, 200.8765822649002, 129
466, 201.30857491493225, 102
467, 201.7405675649643, 99
468, 202.17256021499634, 128
469, 202.60455286502838, 108
470, 203.03654551506042, 130
471, 203.46853816509247, 118
472, 203.9005308151245, 118
473, 204.33252346515656, 110
474, 204.7645161151886, 123
475, 205.19650876522064, 107
476, 205.62850141525269, 134
477, 206.06049406528473, 119
478, 206.49248671531677, 112
479, 206.92447936534882, 115
480, 207.35647201538086, 109
481, 207.7884646654129, 112
482, 208.22045731544495, 120
483, 208.652449965477, 116
484, 209.08444261550903, 120
485, 209.51643526554108, 110
486, 209.94842791557312, 118
487, 210.38042056560516, 129
488, 210.8124132156372, 125
489, 211.24440586566925, 110
490, 211.6763985157013, 117
491, 212.10839116573334, 110
492, 212.54038381576538, 123
493, 212.97237646579742, 112
494, 213.40436911582947, 106
495, 213.8363617658615, 108
496, 214.26835441589355, 120
497, 214.7003470659256, 104
498, 215.13233971595764, 117
499, 215.56433236598969, 127
500, 215.99632501602173, 121
501, 216.42831766605377, 111
502, 216.86031031608582, 121
503, 217.29230296611786, 110
504, 217.7242956161499, 111
505, 218.15628826618195, 110
506, 218.588280916214, 115
507, 219.02027356624603, 87
508, 219.45226621627808, 100
509, 219.88425886631012, 114
510, 220.31625151634216, 120
511, 220.7482441663742, 98
512, 221.18023681640625, 110
513, 221.6122294664383, 108
514, 222.04422211647034, 107
515, 222.47621476650238, 117
516, 222.90820741653442, 89
517, 223.34020006656647, 114
518, 223.7721927165985, 90
519, 224.20418536663055, 114
520, 224.6361780166626, 112
521, 225.06817066669464, 115
522, 225.50016331672668, 111
523, 225.93215596675873, 112
524, 226.36414861679077, 111
525, 226.79614126682281, 93
526, 227.22813391685486, 119
527, 227.6601265668869, 120
528, 228.09211921691895, 99
529, 228.524111866951, 110
530, 228.95610451698303, 115
531, 229.38809716701508, 87
532, 229.82008981704712, 112
533, 230.25208246707916, 106
534, 230.6840751171112, 113
535, 231.11606776714325, 91
536, 231.5480604171753, 104
537, 231.98005306720734, 96
538, 232.41204571723938, 102
539, 232.84403836727142, 106
540, 233.27603101730347, 99
541, 233.7080236673355, 111
542, 234.14001631736755, 113
543, 234.5720089673996, 111
544, 235.00400161743164, 108
545, 235.43599426746368, 114
546, 235.86798691749573, 106
547, 236.29997956752777, 101
548, 236.73197221755981, 114
549, 237.16396486759186, 109
550, 237.5959575176239, 104
551, 238.02795016765594, 113
552, 238.459942817688, 105
553, 238.89193546772003, 84
554, 239.32392811775208, 104
555, 239.75592076778412, 108
556, 240.18791341781616, 98
557, 240.6199060678482, 106
558, 241.05189871788025, 104
559, 241.4838913679123, 109
560, 241.91588401794434, 92
561, 242.34787666797638, 89
562, 242.77986931800842, 103
563, 243.21186196804047, 95
564, 243.6438546180725, 110
565, 244.07584726810455, 96
566, 244.5078399181366, 95
567, 244.93983256816864, 112
568, 245.37182521820068, 101
569, 245.80381786823273, 120
570, 246.23581051826477, 113
571, 246.6678031682968, 100
572, 247.09979581832886, 101
573, 247.5317884683609, 81
574, 247.96378111839294, 94
575, 248.395773768425, 101
576, 248.82776641845703, 123
577, 249.25975906848907, 121
578, 249.69175171852112, 100
579, 250.12374436855316, 106
580, 250.5557370185852, 107
581, 250.98772966861725, 110
582, 251.4197223186493, 93
583, 251.85171496868134, 100
584, 252.28370761871338, 95
585, 252.71570026874542, 97
586, 253.14769291877747, 106
587, 253.5796855688095, 96
588, 254.01167821884155, 107
589, 254.4436708688736, 104
590, 254.87566351890564, 97
591, 255.30765616893768, 94
592, 255.73964881896973, 102
593, 256.17164146900177, 101
594, 256.6036341190338, 88
595, 257.03562676906586, 92
596, 257.4676194190979, 107
597, 257.89961206912994, 106
598, 258.331604719162, 90
599, 258.76359736919403, 112
600, 259.1955900192261, 102
601, 259.6275826692581, 106
602, 260.05957531929016, 97
603, 260.4915679693222, 91
604, 260.92356061935425, 109
605, 261.3555532693863, 82
606, 261.78754591941833, 95
607, 262.2195385694504, 105
608, 262.6515312194824, 86
609, 263.08352386951447, 99
610, 263.5155165195465, 97
611, 263.94750916957855, 104
612, 264.3795018196106, 85
613, 264.81149446964264, 117
614, 265.2434871196747, 107
615, 265.6754797697067, 85
616, 266.10747241973877, 89
617, 266.5394650697708, 90
618, 266.97145771980286, 89
619, 267.4034503698349, 103
620, 267.83544301986694, 103
621, 268.267435669899, 90
622, 268.69942831993103, 98
623, 269.1314209699631, 107
624, 269.5634136199951, 92
625, 269.99540627002716, 91
626, 270.4273989200592, 93
627, 270.85939157009125, 79
628, 271.2913842201233, 91
629, 271.72337687015533, 106
630, 272.1553695201874, 101
631, 272.5873621702194, 86
632, 273.01935482025146, 89
633, 273.4513474702835, 89
634, 273.88334012031555, 85
635, 274.3153327703476, 105
636, 274.74732542037964, 96
637, 275.1793180704117, 84
638, 275.6113107204437, 99
639, 276.04330337047577, 104
640, 276.4752960205078, 94
641, 276.90728867053986, 98
642, 277.3392813205719, 94
643, 277.77127397060394, 92
644, 278.203266620636, 82
645, 278.63525927066803, 103
646, 279.0672519207001, 77
647, 279.4992445707321, 98
648, 279.93123722076416, 99
649, 280.3632298707962, 104
650, 280.79522252082825, 97
651, 281.2272151708603, 92
652, 281.65920782089233, 96
653, 282.0912004709244, 88
654, 282.5231931209564, 94
655, 282.95518577098846, 84
656, 283.3871784210205, 88
657, 283.81917107105255, 108
658, 284.2511637210846, 80
659, 284.68315637111664, 83
660, 285.1151490211487, 101
661, 285.5471416711807, 100
662, 285.97913432121277, 98
663, 286.4111269712448, 72
664, 286.84311962127686, 76
665, 287.2751122713089, 96
666, 287.70710492134094, 111
667, 288.139097571373, 112
668, 288.57109022140503, 102
669, 289.0030828714371, 91
670, 289.4350755214691, 87
671, 289.86706817150116, 86
672, 290.2990608215332, 80
673, 290.73105347156525, 101
674, 291.1630461215973, 84
675, 291.59503877162933, 104
676, 292.0270314216614, 93
677, 292.4590240716934, 91
678, 292.89101672172546, 86
679, 293.3230093717575, 101
680, 293.75500202178955, 93
681, 294.1869946718216, 86
682, 294.61898732185364, 96
683, 295.0509799718857, 101
684, 295.4829726219177, 97
685, 295.91496527194977, 90
686, 296.3469579219818, 98
687, 296.77895057201385, 80
688, 297.2109432220459, 93
689, 297.64293587207794, 99
690, 298.07492852211, 82
691, 298.50692117214203, 105
692, 298.9389138221741, 76
693, 299.3709064722061, 88
694, 299.80289912223816, 92
695, 300.2348917722702, 107
696, 300.66688442230225, 92
697, 301.0988770723343, 98
698, 301.53086972236633, 106
699, 301.9628623723984, 79
700, 302.3948550224304, 101
701, 302.82684767246246, 90
702, 303.2588403224945, 103
703, 303.69083297252655, 91
704, 304.1228256225586, 75
705, 304.55481827259064, 93
706, 304.9868109226227, 88
707, 305.4188035726547, 93
708, 305.85079622268677, 88
709, 306.2827888727188, 87
710, 306.71478152275085, 87
711, 307.1467741727829, 84
712, 307.57876682281494, 90
713, 308.010759472847, 103
714, 308.442752122879, 100
715, 308.8747447729111, 85
716, 309.3067374229431, 83
717, 309.73873007297516, 86
718, 310.1707227230072, 99
719, 310.60271537303925, 83
720, 311.0347080230713, 89
721, 311.46670067310333, 112
722, 311.8986933231354, 109
723, 312.3306859731674, 88
724, 312.76267862319946, 83
725, 313.1946712732315, 92
726, 313.62666392326355, 83
727, 314.0586565732956, 101
728, 314.49064922332764, 104
729, 314.9226418733597, 94
730, 315.3546345233917, 90
731, 315.78662717342377, 83
732, 316.2186198234558, 77
733, 316.65061247348785, 92
734, 317.0826051235199, 99
735, 317.51459777355194, 77
736, 317.946590423584, 79
737, 318.378583073616, 87
738, 318.81057572364807, 74
739, 319.2425683736801, 69
740, 319.67456102371216, 105
741, 320.1065536737442, 92
742, 320.53854632377625, 102
743, 320.9705389738083, 96
744, 321.40253162384033, 97
745, 321.8345242738724, 88
746, 322.2665169239044, 89
747, 322.69850957393646, 78
748, 323.1305022239685, 97
749, 323.56249487400055, 92
750, 323.9944875240326, 112
751, 324.42648017406464, 90
752, 324.8584728240967, 94
753, 325.2904654741287, 85
754, 325.72245812416077, 90
755, 326.1544507741928, 118
756, 326.58644342422485, 101
757, 327.0184360742569, 86
758, 327.45042872428894, 72
759, 327.882421374321, 107
760, 328.314414024353, 96
761, 328.74640667438507, 100
762, 329.1783993244171, 83
763, 329.61039197444916, 94
764, 330.0423846244812, 87
765, 330.47437727451324, 116
766, 330.9063699245453, 94
767, 331.33836257457733, 83
768, 331.7703552246094, 92
769, 332.2023478746414, 113
770, 332.63434052467346, 110
771, 333.0663331747055, 106
772, 333.49832582473755, 107
773, 333.9303184747696, 105
774, 334.36231112480164, 97
775, 334.7943037748337, 84
776, 335.2262964248657, 103
777, 335.65828907489777, 108
778, 336.0902817249298, 96
779, 336.52227437496185, 96
780, 336.9542670249939, 85
781, 337.38625967502594, 114
782, 337.818252325058, 79
783, 338.25024497509, 90
784, 338.68223762512207, 120
785, 339.1142302751541, 98
786, 339.54622292518616, 87
787, 339.9782155752182, 112
788, 340.41020822525024, 96
789, 340.8422008752823, 109
790, 341.27419352531433, 115
791, 341.7061861753464, 97
792, 342.1381788253784, 104
793, 342.57017147541046, 101
794, 343.0021641254425, 125
795, 343.43415677547455, 102
796, 343.8661494255066, 106
797, 344.29814207553864, 88
798, 344.7301347255707, 110
799, 345.1621273756027, 115
800, 345.59412002563477, 111
801, 346.0261126756668, 117
802, 346.45810532569885, 133
803, 346.8900979757309, 123
804, 347.32209062576294, 129
805, 347.754083275795, 120
806, 348.186075925827, 93
807, 348.61806857585907, 126
808, 349.0500612258911, 106
809, 349.48205387592316, 113
810, 349.9140465259552, 100
811, 350.34603917598724, 116
812, 350.7780318260193, 119
813, 351.21002447605133, 120
814, 351.6420171260834, 136
815, 352.0740097761154, 153
816, 352.50600242614746, 116
817, 352.9379950761795, 130
818, 353.36998772621155, 125
819, 353.8019803762436, 119
820, 354.23397302627563, 117
821, 354.6659656763077, 125
822, 355.0979583263397, 120
823, 355.52995097637177, 145
824, 355.9619436264038, 110
825, 356.39393627643585, 126
826, 356.8259289264679, 126
827, 357.25792157649994, 129
828, 357.689914226532, 117
829, 358.121906876564, 137
830, 358.55389952659607, 117
831, 358.9858921766281, 124
832, 359.41788482666016, 172
833, 359.8498774766922, 117
834, 360.28187012672424, 119
835, 360.7138627767563, 140
836, 361.14585542678833, 151
837, 361.5778480768204, 137
838, 362.0098407268524, 145
839, 362.44183337688446, 158
840, 362.8738260269165, 156
841, 363.30581867694855, 146
842, 363.7378113269806, 130
843, 364.16980397701263, 128
844, 364.6017966270447, 159
845, 365.0337892770767, 134
846, 365.46578192710876, 151
847, 365.8977745771408, 150
848, 366.32976722717285, 140
849, 366.7617598772049, 151
850, 367.19375252723694, 143
851, 367.625745177269, 156
852, 368.057737827301, 153
853, 368.48973047733307, 145
854, 368.9217231273651, 178
855, 369.35371577739716, 127
856, 369.7857084274292, 124
857, 370.21770107746124, 140
858, 370.6496937274933, 168
859, 371.08168637752533, 178
860, 371.5136790275574, 173
861, 371.9456716775894, 147
862, 372.37766432762146, 165
863, 372.8096569776535, 158
864, 373.24164962768555, 159
865, 373.6736422777176, 174
866, 374.10563492774963, 171
867, 374.5376275777817, 176
868, 374.9696202278137, 181
869, 375.40161287784576, 161
870, 375.8336055278778, 180
871, 376.26559817790985, 143
872, 376.6975908279419, 192
873, 377.12958347797394, 170
874, 377.561576128006, 156
875, 377.993568778038, 197
876, 378.42556142807007, 162
877, 378.8575540781021, 156
878, 379.28954672813416, 160
879, 379.7215393781662, 154
880, 380.15353202819824, 160
881, 380.5855246782303, 188
882, 381.01751732826233, 176
883, 381.4495099782944, 185
884, 381.8815026283264, 198
885, 382.31349527835846, 183
886, 382.7454879283905, 179
887, 383.17748057842255, 194
888, 383.6094732284546, 205
889, 384.04146587848663, 180
890, 384.4734585285187, 204
891, 384.9054511785507, 182
892, 385.33744382858276, 187
893, 385.7694364786148, 165
894, 386.20142912864685, 164
895, 386.6334217786789, 170
896, 387.06541442871094, 166
897, 387.497407078743, 208
898, 387.929399728775, 194
899, 388.36139237880707, 199
900, 388.7933850288391, 205
901, 389.22537767887115, 194
902, 389.6573703289032, 229
903, 390.08936297893524, 166
904, 390.5213556289673, 191
905, 390.95334827899933, 186
906, 391.3853409290314, 198
907, 391.8173335790634, 207
908, 392.24932622909546, 177
909, 392.6813188791275, 210
910, 393.11331152915955, 218
911, 393.5453041791916, 202
912, 393.97729682922363, 196
913, 394.4092894792557, 204
914, 394.8412821292877, 201
915, 395.27327477931976, 191
916, 395.7052674293518, 217
917, 396.13726007938385, 192
918, 396.5692527294159, 193
919, 397.00124537944794, 184
920, 397.43323802948, 211
921, 397.865230679512, 237
922, 398.29722332954407, 190
923, 398.7292159795761, 189
924, 399.16120862960815, 202
925, 399.5932012796402, 213
926, 400.02519392967224, 205
927, 400.4571865797043, 199
928, 400.8891792297363, 194
929, 401.3211718797684, 181
930, 401.7531645298004, 197
931, 402.18515717983246, 192
932, 402.6171498298645, 202
933, 403.04914247989655, 199
934, 403.4811351299286, 196
935, 403.91312777996063, 213
936, 404.3451204299927, 207
937, 404.7771130800247, 194
938, 405.20910573005676, 195
939, 405.6410983800888, 199
940, 406.07309103012085, 216
941, 406.5050836801529, 215
942, 406.93707633018494, 209
943, 407.369068980217, 216
944, 407.801061630249, 195
945, 408.23305428028107, 201
946, 408.6650469303131, 200
947, 409.09703958034515, 211
948, 409.5290322303772, 210
949, 409.96102488040924, 195
950, 410.3930175304413, 186
951, 410.8250101804733, 205
952, 411.25700283050537, 204
953, 411.6889954805374, 203
954, 412.12098813056946, 194
955, 412.5529807806015, 192
956, 412.98497343063354, 209
957, 413.4169660806656, 168
958, 413.84895873069763, 203
959, 414.2809513807297, 200
960, 414.7129440307617, 199
961, 415.14493668079376, 181
962, 415.5769293308258, 209
963, 416.00892198085785, 216
964, 416.4409146308899, 199
965, 416.87290728092194, 207
966, 417.304899930954, 191
967, 417.736892580986, 213
968, 418.16888523101807, 189
969, 418.6008778810501, 210
970, 419.03287053108215, 174
971, 419.4648631811142, 176
972, 419.89685583114624, 183
973, 420.3288484811783, 204
974, 420.7608411312103, 176
975, 421.19283378124237, 194
976, 421.6248264312744, 185
977, 422.05681908130646, 174
978, 422.4888117313385, 206
979, 422.92080438137054, 191
980, 423.3527970314026, 179
981, 423.78478968143463, 158
982, 424.2167823314667, 187
983, 424.6487749814987, 171
984, 425.08076763153076, 205
985, 425.5127602815628, 158
986, 425.94475293159485, 195
987, 426.3767455816269, 191
988, 426.80873823165894, 159
989, 427.240730881691, 160
990, 427.672723531723, 192
991, 428.10471618175507, 175
992, 428.5367088317871, 173
993, 428.96870148181915, 179
994, 429.4006941318512, 164
995, 429.83268678188324, 184
996, 430.2646794319153, 173
997, 430.6966720819473, 188
998, 431.12866473197937, 174
999, 431.5606573820114, 154
1000, 431.99265003204346, 180
1001, 432.4246426820755, 158
1002, 432.85663533210754, 161
1003, 433.2886279821396, 163
1004, 433.72062063217163, 165
1005, 434.1526132822037, 145
1006, 434.5846059322357, 147
1007, 435.01659858226776, 160
1008, 435.4485912322998, 157
1009, 435.88058388233185, 162
1010, 436.3125765323639, 147
1011, 436.74456918239594, 142
1012, 437.176561832428, 148
1013, 437.60855448246, 139
1014, 438.04054713249207, 153
1015, 438.4725397825241, 164
1016, 438.90453243255615, 157
1017, 439.3365250825882, 150
1018, 439.76851773262024, 152
1019, 440.2005103826523, 158
1020, 440.6325030326843, 173
1021, 441.06449568271637, 156
1022, 441.4964883327484, 149
1023, 441.92848098278046, 157
1024, 442.3604736328125, 133
1025, 442.79246628284454, 133
1026, 443.2244589328766, 146
1027, 443.65645158290863, 131
1028, 444.0884442329407, 140
1029, 444.5204368829727, 116
1030, 444.95242953300476, 116
1031, 445.3844221830368, 132
1032, 445.81641483306885, 133
1033, 446.2484074831009, 128
1034, 446.68040013313293, 129
1035, 447.112392783165, 125
1036, 447.544385433197, 141
1037, 447.97637808322906, 135
1038, 448.4083707332611, 109
1039, 448.84036338329315, 119
1040, 449.2723560333252, 122
1041, 449.70434868335724, 110
1042, 450.1363413333893, 128
1043, 450.5683339834213, 119
1044, 451.00032663345337, 110
1045, 451.4323192834854, 122
1046, 451.86431193351746, 126
1047, 452.2963045835495, 111
1048, 452.72829723358154, 104
1049, 453.1602898836136, 120
1050, 453.59228253364563, 98
1051, 454.0242751836777, 126
1052, 454.4562678337097, 101
1053, 454.88826048374176, 106
1054, 455.3202531337738, 125
1055, 455.75224578380585, 121
1056, 456.1842384338379, 111
1057, 456.61623108386993, 136
1058, 457.048223733902, 100
1059, 457.480216383934, 107
1060, 457.91220903396606, 107
1061, 458.3442016839981, 117
1062, 458.77619433403015, 107
1063, 459.2081869840622, 104
1064, 459.64017963409424, 113
1065, 460.0721722841263, 95
1066, 460.5041649341583, 116
1067, 460.93615758419037, 104
1068, 461.3681502342224, 104
1069, 461.80014288425446, 112
1070, 462.2321355342865, 105
1071, 462.66412818431854, 105
1072, 463.0961208343506, 89
1073, 463.52811348438263, 101
1074, 463.9601061344147, 122
1075, 464.3920987844467, 111
1076, 464.82409143447876, 104
1077, 465.2560840845108, 102
1078, 465.68807673454285, 93
1079, 466.1200693845749, 118
1080, 466.55206203460693, 90
1081, 466.984054684639, 94
1082, 467.416047334671, 100
1083, 467.84803998470306, 104
1084, 468.2800326347351, 80
1085, 468.71202528476715, 104
1086, 469.1440179347992, 86
1087, 469.57601058483124, 86
1088, 470.0080032348633, 97
1089, 470.4399958848953, 96
1090, 470.87198853492737, 73
1091, 471.3039811849594, 94
1092, 471.73597383499146, 89
1093, 472.1679664850235, 100
1094, 472.59995913505554, 105
1095, 473.0319517850876, 98
1096, 473.46394443511963, 88
1097, 473.8959370851517, 102
1098, 474.3279297351837, 90
1099, 474.75992238521576, 93
1100, 475.1919150352478, 110
1101, 475.62390768527985, 81
1102, 476.0559003353119, 80
1103, 476.48789298534393, 82
1104, 476.919885635376, 83
1105, 477.351878285408, 88
1106, 477.78387093544006, 96
1107, 478.2158635854721, 88
1108, 478.64785623550415, 87
1109, 479.0798488855362, 103
1110, 479.51184153556824, 92
1111, 479.9438341856003, 78
1112, 480.3758268356323, 68
1113, 480.80781948566437, 86
1114, 481.2398121356964, 108
1115, 481.67180478572845, 88
1116, 482.1037974357605, 78
1117, 482.53579008579254, 90
1118, 482.9677827358246, 75
1119, 483.3997753858566, 91
1120, 483.8317680358887, 83
1121, 484.2637606859207, 90
1122, 484.69575333595276, 82
1123, 485.1277459859848, 87
1124, 485.55973863601685, 97
1125, 485.9917312860489, 102
1126, 486.42372393608093, 98
1127, 486.855716586113, 91
1128, 487.287709236145, 91
1129, 487.71970188617706, 102
1130, 488.1516945362091, 110
1131, 488.58368718624115, 103
1132, 489.0156798362732, 90
1133, 489.44767248630524, 85
1134, 489.8796651363373, 95
1135, 490.3116577863693, 98
1136, 490.74365043640137, 92
1137, 491.1756430864334, 102
1138, 491.60763573646545, 87
1139, 492.0396283864975, 97
1140, 492.47162103652954, 109
1141, 492.9036136865616, 89
1142, 493.3356063365936, 89
1143, 493.76759898662567, 104
1144, 494.1995916366577, 104
1145, 494.63158428668976, 99
1146, 495.0635769367218, 100
1147, 495.49556958675385, 99
1148, 495.9275622367859, 74
1149, 496.35955488681793, 100
1150, 496.79154753685, 100
1151, 497.223540186882, 90
1152, 497.65553283691406, 80
1153, 498.0875254869461, 92
1154, 498.51951813697815, 97
1155, 498.9515107870102, 97
1156, 499.38350343704224, 94
1157, 499.8154960870743, 94
1158, 500.2474887371063, 85
1159, 500.67948138713837, 80
1160, 501.1114740371704, 84
1161, 501.54346668720245, 90
1162, 501.9754593372345, 91
1163, 502.40745198726654, 106
1164, 502.8394446372986, 93
1165, 503.2714372873306, 95
1166, 503.70342993736267, 87
1167, 504.1354225873947, 84
1168, 504.56741523742676, 75
1169, 504.9994078874588, 108
1170, 505.43140053749084, 84
1171, 505.8633931875229, 93
1172, 506.29538583755493, 79
1173, 506.727378487587, 84
1174, 507.159371137619, 76
1175, 507.59136378765106, 93
1176, 508.0233564376831, 93
1177, 508.45534908771515, 127
1178, 508.8873417377472, 94
1179, 509.31933438777924, 96
1180, 509.7513270378113, 87
1181, 510.1833196878433, 97
1182, 510.61531233787537, 66
1183, 511.0473049879074, 88
1184, 511.47929763793945, 92
1185, 511.9112902879715, 102
1186, 512.3432829380035, 94
1187, 512.7752755880356, 99
1188, 513.2072682380676, 92
1189, 513.6392608880997, 84
1190, 514.0712535381317, 99
1191, 514.5032461881638, 89
1192, 514.9352388381958, 101
1193, 515.3672314882278, 104
1194, 515.7992241382599, 99
1195, 516.2312167882919, 91
1196, 516.663209438324, 95
1197, 517.095202088356, 93
1198, 517.5271947383881, 95
1199, 517.9591873884201, 96
1200, 518.3911800384521, 73
1201, 518.8231726884842, 92
1202, 519.2551653385162, 98
1203, 519.6871579885483, 82
1204, 520.1191506385803, 95
1205, 520.5511432886124, 93
1206, 520.9831359386444, 79
1207, 521.4151285886765, 84
1208, 521.8471212387085, 89
1209, 522.2791138887405, 79
1210, 522.7111065387726, 89
1211, 523.1430991888046, 88
1212, 523.5750918388367, 82
1213, 524.0070844888687, 80
1214, 524.4390771389008, 100
1215, 524.8710697889328, 80
1216, 525.3030624389648, 91
1217, 525.7350550889969, 75
1218, 526.1670477390289, 78
1219, 526.599040389061, 92
1220, 527.031033039093, 75
1221, 527.4630256891251, 78
1222, 527.8950183391571, 84
1223, 528.3270109891891, 96
1224, 528.7590036392212, 83
1225, 529.1909962892532, 81
1226, 529.6229889392853, 84
1227, 530.0549815893173, 84
1228, 530.4869742393494, 86
1229, 530.9189668893814, 83
1230, 531.3509595394135, 87
1231, 531.7829521894455, 91
1232, 532.2149448394775, 90
1233, 532.6469374895096, 74
1234, 533.0789301395416, 75
1235, 533.5109227895737, 97
1236, 533.9429154396057, 85
1237, 534.3749080896378, 81
1238, 534.8069007396698, 64
1239, 535.2388933897018, 74
1240, 535.6708860397339, 81
1241, 536.1028786897659, 79
1242, 536.534871339798, 93
1243, 536.96686398983, 75
1244, 537.3988566398621, 75
1245, 537.8308492898941, 74
1246, 538.2628419399261, 83
1247, 538.6948345899582, 92
1248, 539.1268272399902, 89
1249, 539.5588198900223, 81
1250, 539.9908125400543, 71
1251, 540.4228051900864, 60
1252, 540.8547978401184, 59
1253, 541.2867904901505, 85
1254, 541.7187831401825, 67
1255, 542.1507757902145, 77
1256, 542.5827684402466, 58
1257, 543.0147610902786, 57
1258, 543.4467537403107, 75
1259, 543.8787463903427, 66
1260, 544.3107390403748, 62
1261, 544.7427316904068, 54
1262, 545.1747243404388, 82
1263, 545.6067169904709, 64
1264, 546.0387096405029, 68
1265, 546.470702290535, 72
1266, 546.902694940567, 68
1267, 547.3346875905991, 74
1268, 547.7666802406311, 70
1269, 548.1986728906631, 62
1270, 548.6306655406952, 57
1271, 549.0626581907272, 51
1272, 549.4946508407593, 63
1273, 549.9266434907913, 55
1274, 550.3586361408234, 73
1275, 550.7906287908554, 56
1276, 551.2226214408875, 57
1277, 551.6546140909195, 71
1278, 552.0866067409515, 71
1279, 552.5185993909836, 52
1280, 552.9505920410156, 76
1281, 553.3825846910477, 66
1282, 553.8145773410797, 57
1283, 554.2465699911118, 68
1284, 554.6785626411438, 60
1285, 555.1105552911758, 53
1286, 555.5425479412079, 72
1287, 555.9745405912399, 56
1288, 556.406533241272, 57
1289, 556.838525891304, 51
1290, 557.2705185413361, 54
1291, 557.7025111913681, 61
1292, 558.1345038414001, 61
1293, 558.5664964914322, 56
1294, 558.9984891414642, 66
1295, 559.4304817914963, 55
1296, 559.8624744415283, 71
1297, 560.2944670915604, 62
1298, 560.7264597415924, 64
1299, 561.1584523916245, 61
1300, 561.5904450416565, 62
1301, 562.0224376916885, 54
1302, 562.4544303417206, 61
1303, 562.8864229917526, 54
1304, 563.3184156417847, 66
1305, 563.7504082918167, 40
1306, 564.1824009418488, 63
1307, 564.6143935918808, 59
1308, 565.0463862419128, 59
1309, 565.4783788919449, 49
1310, 565.9103715419769, 56
1311, 566.342364192009, 59
1312, 566.774356842041, 48
1313, 567.2063494920731, 59
1314, 567.6383421421051, 72
1315, 568.0703347921371, 53
1316, 568.5023274421692, 48
1317, 568.9343200922012, 50
1318, 569.3663127422333, 49
1319, 569.7983053922653, 47
1320, 570.2302980422974, 43
1321, 570.6622906923294, 62
1322, 571.0942833423615, 50
1323, 571.5262759923935, 50
1324, 571.9582686424255, 56
1325, 572.3902612924576, 54
1326, 572.8222539424896, 59
1327, 573.2542465925217, 41
1328, 573.6862392425537, 49
1329, 574.1182318925858, 61
1330, 574.5502245426178, 43
1331, 574.9822171926498, 50
1332, 575.4142098426819, 44
1333, 575.8462024927139, 67
1334, 576.278195142746, 48
1335, 576.710187792778, 53
1336, 577.1421804428101, 50
1337, 577.5741730928421, 67
1338, 578.0061657428741, 54
1339, 578.4381583929062, 49
1340, 578.8701510429382, 64
1341, 579.3021436929703, 61
1342, 579.7341363430023, 51
1343, 580.1661289930344, 35
1344, 580.5981216430664, 44
1345, 581.0301142930984, 49
1346, 581.4621069431305, 53
1347, 581.8940995931625, 56
1348, 582.3260922431946, 44
1349, 582.7580848932266, 51
1350, 583.1900775432587, 46
1351, 583.6220701932907, 38
1352, 584.0540628433228, 44
1353, 584.4860554933548, 70
1354, 584.9180481433868, 44
1355, 585.3500407934189, 52
1356, 585.7820334434509, 56
1357, 586.214026093483, 39
1358, 586.646018743515, 40
1359, 587.0780113935471, 51
1360, 587.5100040435791, 35
1361, 587.9419966936111, 48
1362, 588.3739893436432, 48
1363, 588.8059819936752, 63
1364, 589.2379746437073, 52
1365, 589.6699672937393, 46
1366, 590.1019599437714, 33
1367, 590.5339525938034, 45
1368, 590.9659452438354, 52
1369, 591.3979378938675, 44
1370, 591.8299305438995, 44
1371, 592.2619231939316, 49
1372, 592.6939158439636, 60
1373, 593.1259084939957, 50
1374, 593.5579011440277, 39
1375, 593.9898937940598, 48
1376, 594.4218864440918, 46
1377, 594.8538790941238, 55
1378, 595.2858717441559, 55
1379, 595.7178643941879, 56
1380, 596.14985704422, 53
1381, 596.581849694252, 42
1382, 597.0138423442841, 36
1383, 597.4458349943161, 50
1384, 597.8778276443481, 45
1385, 598.3098202943802, 44
1386, 598.7418129444122, 51
1387, 599.1738055944443, 43
1388, 599.6057982444763, 51
1389, 600.0377908945084, 53
1390, 600.4697835445404, 44
1391, 600.9017761945724, 32
1392, 601.3337688446045, 44
1393, 601.7657614946365, 47
1394, 602.1977541446686, 41
1395, 602.6297467947006, 44
1396, 603.0617394447327, 51
1397, 603.4937320947647, 39
1398, 603.9257247447968, 38
1399, 604.3577173948288, 49
1400, 604.7897100448608, 51
1401, 605.2217026948929, 53
1402, 605.6536953449249, 41
1403, 606.085687994957, 40
1404, 606.517680644989, 46
1405, 606.9496732950211, 54
1406, 607.3816659450531, 45
1407, 607.8136585950851, 45
1408, 608.2456512451172, 46
1409, 608.6776438951492, 47
1410, 609.1096365451813, 47
1411, 609.5416291952133, 53
1412, 609.9736218452454, 44
1413, 610.4056144952774, 39
1414, 610.8376071453094, 57
1415, 611.2695997953415, 44
1416, 611.7015924453735, 46
1417, 612.1335850954056, 40
1418, 612.5655777454376, 38
1419, 612.9975703954697, 41
1420, 613.4295630455017, 44
1421, 613.8615556955338, 51
1422, 614.2935483455658, 52
1423, 614.7255409955978, 52
1424, 615.1575336456299, 53
1425, 615.5895262956619, 46
1426, 616.021518945694, 47
1427, 616.453511595726, 39
1428, 616.885504245758, 58
1429, 617.3174968957901, 61
1430, 617.7494895458221, 54
1431, 618.1814821958542, 48
1432, 618.6134748458862, 57
1433, 619.0454674959183, 44
1434, 619.4774601459503, 38
1435, 619.9094527959824, 69
1436, 620.3414454460144, 41
1437, 620.7734380960464, 64
1438, 621.2054307460785, 42
1439, 621.6374233961105, 56
1440, 622.0694160461426, 62
1441, 622.5014086961746, 55
1442, 622.9334013462067, 55
1443, 623.3653939962387, 46
1444, 623.7973866462708, 62
1445, 624.2293792963028, 61
1446, 624.6613719463348, 56
1447, 625.0933645963669, 66
1448, 625.5253572463989, 66
1449, 625.957349896431, 66
1450, 626.389342546463, 65
1451, 626.821335196495, 64
1452, 627.2533278465271, 50
1453, 627.6853204965591, 60
1454, 628.1173131465912, 62
1455, 628.5493057966232, 54
1456, 628.9812984466553, 57
1457, 629.4132910966873, 76
1458, 629.8452837467194, 66
1459, 630.2772763967514, 57
1460, 630.7092690467834, 57
1461, 631.1412616968155, 76
1462, 631.5732543468475, 59
1463, 632.0052469968796, 74
1464, 632.4372396469116, 79
1465, 632.8692322969437, 63
1466, 633.3012249469757, 75
1467, 633.7332175970078, 78
1468, 634.1652102470398, 80
1469, 634.5972028970718, 75
1470, 635.0291955471039, 75
1471, 635.4611881971359, 88
1472, 635.893180847168, 57
1473, 636.3251734972, 80
1474, 636.757166147232, 91
1475, 637.1891587972641, 71
1476, 637.6211514472961, 83
1477, 638.0531440973282, 97
1478, 638.4851367473602, 72
1479, 638.9171293973923, 79
1480, 639.3491220474243, 83
1481, 639.7811146974564, 85
1482, 640.2131073474884, 75
1483, 640.6450999975204, 84
1484, 641.0770926475525, 73
1485, 641.5090852975845, 100
1486, 641.9410779476166, 64
1487, 642.3730705976486, 85
1488, 642.8050632476807, 83
1489, 643.2370558977127, 84
1490, 643.6690485477448, 81
1491, 644.1010411977768, 83
1492, 644.5330338478088, 76
1493, 644.9650264978409, 88
1494, 645.3970191478729, 84
1495, 645.829011797905, 100
1496, 646.261004447937, 93
1497, 646.692997097969, 87
1498, 647.1249897480011, 86
1499, 647.5569823980331, 107
1500, 647.9889750480652, 110
1501, 648.4209676980972, 83
1502, 648.8529603481293, 103
1503, 649.2849529981613, 97
1504, 649.7169456481934, 95
1505, 650.1489382982254, 92
1506, 650.5809309482574, 108
1507, 651.0129235982895, 97
1508, 651.4449162483215, 98
1509, 651.8769088983536, 85
1510, 652.3089015483856, 99
1511, 652.7408941984177, 94
1512, 653.1728868484497, 102
1513, 653.6048794984818, 90
1514, 654.0368721485138, 108
1515, 654.4688647985458, 98
1516, 654.9008574485779, 98
1517, 655.3328500986099, 92
1518, 655.764842748642, 97
1519, 656.196835398674, 97
1520, 656.628828048706, 112
1521, 657.0608206987381, 102
1522, 657.4928133487701, 105
1523, 657.9248059988022, 75
1524, 658.3567986488342, 85
1525, 658.7887912988663, 96
1526, 659.2207839488983, 84
1527, 659.6527765989304, 83
1528, 660.0847692489624, 73
1529, 660.5167618989944, 84
1530, 660.9487545490265, 104
1531, 661.3807471990585, 86
1532, 661.8127398490906, 65
1533, 662.2447324991226, 89
1534, 662.6767251491547, 76
1535, 663.1087177991867, 91
1536, 663.5407104492188, 78
1537, 663.9727030992508, 86
1538, 664.4046957492828, 84
1539, 664.8366883993149, 75
1540, 665.2686810493469, 72
1541, 665.700673699379, 53
1542, 666.132666349411, 71
1543, 666.564658999443, 72
1544, 666.9966516494751, 58
1545, 667.4286442995071, 54
1546, 667.8606369495392, 81
1547, 668.2926295995712, 65
1548, 668.7246222496033, 53
1549, 669.1566148996353, 60
1550, 669.5886075496674, 53
1551, 670.0206001996994, 55
1552, 670.4525928497314, 55
1553, 670.8845854997635, 60
1554, 671.3165781497955, 66
1555, 671.7485707998276, 63
1556, 672.1805634498596, 52
1557, 672.6125560998917, 54
1558, 673.0445487499237, 58
1559, 673.4765413999557, 50
1560, 673.9085340499878, 51
1561, 674.3405267000198, 43
1562, 674.7725193500519, 51
1563, 675.2045120000839, 31
1564, 675.636504650116, 37
1565, 676.068497300148, 44
1566, 676.50048995018, 47
1567, 676.9324826002121, 32
1568, 677.3644752502441, 55
1569, 677.7964679002762, 46
1570, 678.2284605503082, 45
1571, 678.6604532003403, 34
1572, 679.0924458503723, 33
1573, 679.5244385004044, 40
1574, 679.9564311504364, 33
1575, 680.3884238004684, 38
1576, 680.8204164505005, 37
1577, 681.2524091005325, 25
1578, 681.6844017505646, 24
1579, 682.1163944005966, 26
1580, 682.5483870506287, 19
1581, 682.9803797006607, 29
1582, 683.4123723506927, 30
1583, 683.8443650007248, 29
1584, 684.2763576507568, 19
1585, 684.7083503007889, 22
1586, 685.1403429508209, 26
1587, 685.572335600853, 17
1588, 686.004328250885, 21
1589, 686.436320900917, 20
1590, 686.8683135509491, 11
1591, 687.3003062009811, 17
1592, 687.7322988510132, 16
1593, 688.1642915010452, 15
1594, 688.5962841510773, 14
1595, 689.0282768011093, 14
1596, 689.4602694511414, 16
1597, 689.8922621011734, 16
1598, 690.3242547512054, 10
1599, 690.7562474012375, 17
1600, 691.1882400512695, 14
1601, 691.6202327013016, 6
1602, 692.0522253513336, 13
1603, 692.4842180013657, 14
1604, 692.9162106513977, 5
1605, 693.3482033014297, 14
1606, 693.7801959514618, 8
1607, 694.2121886014938, 9
1608, 694.6441812515259, 8
1609, 695.0761739015579, 6
1610, 695.50816655159, 4
1611, 695.940159201622, 14
1612, 696.372151851654, 9
1613, 696.8041445016861, 9
1614, 697.2361371517181, 7
1615, 697.6681298017502, 6
1616, 698.1001224517822, 9
1617, 698.5321151018143, 1
1618, 698.9641077518463, 9
1619, 699.3961004018784, 7
1620, 699.8280930519104, 5
1621, 700.2600857019424, 9
1622, 700.6920783519745, 4
1623, 701.1240710020065, 7
1624, 701.5560636520386, 6
1625, 701.9880563020706, 7
1626, 702.4200489521027, 7
1627, 702.8520416021347, 7
1628, 703.2840342521667, 7
1629, 703.7160269021988, 6
1630, 704.1480195522308, 7
1631, 704.5800122022629, 3
1632, 705.0120048522949, 5
1633, 705.443997502327, 4
1634, 705.875990152359, 4
1635, 706.307982802391, 2
1636, 706.7399754524231, 2
1637, 707.1719681024551, 3
1638, 707.6039607524872, 3
1639, 708.0359534025192, 10
1640, 708.4679460525513, 9
1641, 708.8999387025833, 6
1642, 709.3319313526154, 4
1643, 709.7639240026474, 1
1644, 710.1959166526794, 5
1645, 710.6279093027115, 5
1646, 711.0599019527435, 2
1647, 711.4918946027756, 4
1648, 711.9238872528076, 3
1649, 712.3558799028397, 4
1650, 712.7878725528717, 7
1651, 713.2198652029037, 7
1652, 713.6518578529358, 1
1653, 714.0838505029678, 0
1654, 714.5158431529999, 5
1655, 714.9478358030319, 5
1656, 715.379828453064, 4
1657, 715.811821103096, 3
1658, 716.243813753128, 7
1659, 716.6758064031601, 9
1660, 717.1077990531921, 9
1661, 717.5397917032242, 3
1662, 717.9717843532562, 5
1663, 718.4037770032883, 7
1664, 718.8357696533203, 6
1665, 719.2677623033524, 2
1666, 719.6997549533844, 4
1667, 720.1317476034164, 7
1668, 720.5637402534485, 3
1669, 720.9957329034805, 3
1670, 721.4277255535126, 3
1671, 721.8597182035446, 13
1672, 722.2917108535767, 9
1673, 722.7237035036087, 2
1674, 723.1556961536407, 4
1675, 723.5876888036728, 2
1676, 724.0196814537048, 4
1677, 724.4516741037369, 6
1678, 724.8836667537689, 5
1679, 725.315659403801, 6
1680, 725.747652053833, 4
1681, 726.179644703865, 2
1682, 726.6116373538971, 11
1683, 727.0436300039291, 5
1684, 727.4756226539612, 7
1685, 727.9076153039932, 6
1686, 728.3396079540253, 5
1687, 728.7716006040573, 2
1688, 729.2035932540894, 1
1689, 729.6355859041214, 3
1690, 730.0675785541534, 6
1691, 730.4995712041855, 7
1692, 730.9315638542175, 2
1693, 731.3635565042496, 7
1694, 731.7955491542816, 2
1695, 732.2275418043137, 5
1696, 732.6595344543457, 7
1697, 733.0915271043777, 5
1698, 733.5235197544098, 4
1699, 733.9555124044418, 1
1700, 734.3875050544739, 5
1701, 734.8194977045059, 7
1702, 735.251490354538, 4
1703, 735.68348300457, 2
1704, 736.115475654602, 2
1705, 736.5474683046341, 3
1706, 736.9794609546661, 5
1707, 737.4114536046982, 1
1708, 737.8434462547302, 5
1709, 738.2754389047623, 5
1710, 738.7074315547943, 5
1711, 739.1394242048264, 2
1712, 739.5714168548584, 4
1713, 740.0034095048904, 6
1714, 740.4354021549225, 2
1715, 740.8673948049545, 2
1716, 741.2993874549866, 5
1717, 741.7313801050186, 6
1718, 742.1633727550507, 1
1719, 742.5953654050827, 1
1720, 743.0273580551147, 5
1721, 743.4593507051468, 2
1722, 743.8913433551788, 6
1723, 744.3233360052109, 6
1724, 744.7553286552429, 10
1725, 745.187321305275, 1
1726, 745.619313955307, 6
1727, 746.051306605339, 5
1728, 746.4832992553711, 6
1729, 746.9152919054031, 4
1730, 747.3472845554352, 3
1731, 747.7792772054672, 0
1732, 748.2112698554993, 5
1733, 748.6432625055313, 7
1734, 749.0752551555634, 6
1735, 749.5072478055954, 7
1736, 749.9392404556274, 2
1737, 750.3712331056595, 2
1738, 750.8032257556915, 4
1739, 751.2352184057236, 6
1740, 751.6672110557556, 4
1741, 752.0992037057877, 6
1742, 752.5311963558197, 6
1743, 752.9631890058517, 1
1744, 753.3951816558838, 4
1745, 753.8271743059158, 3
1746, 754.2591669559479, 1
1747, 754.6911596059799, 3
1748, 755.123152256012, 3
1749, 755.555144906044, 0
1750, 755.987137556076, 5
1751, 756.4191302061081, 2
1752, 756.8511228561401, 11
1753, 757.2831155061722, 6
1754, 757.7151081562042, 2
1755, 758.1471008062363, 4
1756, 758.5790934562683, 2
1757, 759.0110861063004, 4
1758, 759.4430787563324, 4
1759, 759.8750714063644, 4
1760, 760.3070640563965, 2
1761, 760.7390567064285, 3
1762, 761.1710493564606, 6
1763, 761.6030420064926, 6
1764, 762.0350346565247, 6
1765, 762.4670273065567, 8
1766, 762.8990199565887, 2
1767, 763.3310126066208, 6
1768, 763.7630052566528, 6
1769, 764.1949979066849, 4
1770, 764.6269905567169, 3
1771, 765.058983206749, 6
1772, 765.490975856781, 6
1773, 765.922968506813, 3
1774, 766.3549611568451, 3
1775, 766.7869538068771, 3
1776, 767.2189464569092, 9
1777, 767.6509391069412, 4
1778, 768.0829317569733, 3
1779, 768.5149244070053, 3
1780, 768.9469170570374, 7
1781, 769.3789097070694, 1
1782, 769.8109023571014, 6
1783, 770.2428950071335, 6
1784, 770.6748876571655, 2
1785, 771.1068803071976, 6
1786, 771.5388729572296, 4
1787, 771.9708656072617, 5
1788, 772.4028582572937, 3
1789, 772.8348509073257, 7
1790, 773.2668435573578, 2
1791, 773.6988362073898, 5
1792, 774.1308288574219, 5
1793, 774.5628215074539, 3
1794, 774.994814157486, 5
1795, 775.426806807518, 6
1796, 775.85879945755, 6
1797, 776.2907921075821, 10
1798, 776.7227847576141, 9
1799, 777.1547774076462, 2
1800, 777.5867700576782, 4
1801, 778.0187627077103, 2
1802, 778.4507553577423, 3
1803, 778.8827480077744, 8
1804, 779.3147406578064, 8
1805, 779.7467333078384, 8
1806, 780.1787259578705, 2
1807, 780.6107186079025, 1
1808, 781.0427112579346, 4
1809, 781.4747039079666, 1
1810, 781.9066965579987, 5
1811, 782.3386892080307, 4
1812, 782.7706818580627, 3
1813, 783.2026745080948, 5
1814, 783.6346671581268, 3
1815, 784.0666598081589, 4
1816, 784.4986524581909, 6
1817, 784.930645108223, 5
1818, 785.362637758255, 3
1819, 785.794630408287, 5
1820, 786.2266230583191, 2
1821, 786.6586157083511, 4
1822, 787.0906083583832, 6
1823, 787.5226010084152, 6
1824, 787.9545936584473, 4
1825, 788.3865863084793, 5
1826, 788.8185789585114, 2
1827, 789.2505716085434, 2
1828, 789.6825642585754, 1
1829, 790.1145569086075, 4
1830, 790.5465495586395, 2
1831, 790.9785422086716, 2
1832, 791.4105348587036, 3
1833, 791.8425275087357, 6
1834, 792.2745201587677, 6
1835, 792.7065128087997, 7
1836, 793.1385054588318, 5
1837, 793.5704981088638, 10
1838, 794.0024907588959, 2
1839, 794.4344834089279, 4
1840, 794.86647605896, 4
1841, 795.298468708992, 1
1842, 795.730461359024, 3
1843, 796.1624540090561, 1
1844, 796.5944466590881, 5
1845, 797.0264393091202, 1
1846, 797.4584319591522, 3
1847, 797.8904246091843, 5
1848, 798.3224172592163, 1
1849, 798.7544099092484, 4
1850, 799.1864025592804, 1
1851, 799.6183952093124, 4
1852, 800.0503878593445, 5
1853, 800.4823805093765, 8
1854, 800.9143731594086, 3
1855, 801.3463658094406, 3
1856, 801.7783584594727, 4
1857, 802.2103511095047, 3
1858, 802.6423437595367, 7
1859, 803.0743364095688, 3
1860, 803.5063290596008, 3
1861, 803.9383217096329, 1
1862, 804.3703143596649, 4
1863, 804.802307009697, 3
1864, 805.234299659729, 9
1865, 805.666292309761, 2
1866, 806.0982849597931, 6
1867, 806.5302776098251, 7
1868, 806.9622702598572, 4
1869, 807.3942629098892, 1
1870, 807.8262555599213, 5
1871, 808.2582482099533, 3
1872, 808.6902408599854, 5
1873, 809.1222335100174, 2
1874, 809.5542261600494, 4
1875, 809.9862188100815, 8
1876, 810.4182114601135, 7
1877, 810.8502041101456, 4
1878, 811.2821967601776, 6
1879, 811.7141894102097, 1
1880, 812.1461820602417, 2
1881, 812.5781747102737, 2
1882, 813.0101673603058, 3
1883, 813.4421600103378, 2
1884, 813.8741526603699, 6
1885, 814.3061453104019, 4
1886, 814.738137960434, 5
1887, 815.170130610466, 2
1888, 815.602123260498, 8
1889, 816.0341159105301, 5
1890, 816.4661085605621, 4
1891, 816.8981012105942, 5
1892, 817.3300938606262, 3
1893, 817.7620865106583, 3
1894, 818.1940791606903, 2
1895, 818.6260718107224, 3
1896, 819.0580644607544, 5
1897, 819.4900571107864, 6
1898, 819.9220497608185, 3
1899, 820.3540424108505, 3
1900, 820.7860350608826, 2
1901, 821.2180277109146, 3
1902, 821.6500203609467, 4
1903, 822.0820130109787, 4
1904, 822.5140056610107, 5
1905, 822.9459983110428, 10
1906, 823.3779909610748, 8
1907, 823.8099836111069, 4
1908, 824.2419762611389, 3
1909, 824.673968911171, 2
1910, 825.105961561203, 4
1911, 825.537954211235, 6
1912, 825.9699468612671, 2
1913, 826.4019395112991, 6
1914, 826.8339321613312, 1
1915, 827.2659248113632, 5
1916, 827.6979174613953, 3
1917, 828.1299101114273, 8
1918, 828.5619027614594, 5
1919, 828.9938954114914, 4
1920, 829.4258880615234, 4
1921, 829.8578807115555, 2
1922, 830.2898733615875, 2
1923, 830.7218660116196, 2
1924, 831.1538586616516, 2
1925, 831.5858513116837, 2
1926, 832.0178439617157, 3
1927, 832.4498366117477, 8
1928, 832.8818292617798, 3
1929, 833.3138219118118, 3
1930, 833.7458145618439, 7
1931, 834.1778072118759, 4
1932, 834.609799861908, 5
1933, 835.04179251194, 1
1934, 835.473785161972, 5
1935, 835.9057778120041, 7
1936, 836.3377704620361, 2
1937, 836.7697631120682, 3
1938, 837.2017557621002, 5
1939, 837.6337484121323, 5
1940, 838.0657410621643, 3
1941, 838.4977337121964, 2
1942, 838.9297263622284, 4
1943, 839.3617190122604, 4
1944, 839.7937116622925, 5
1945, 840.2257043123245, 5
1946, 840.6576969623566, 4
1947, 841.0896896123886, 0
1948, 841.5216822624207, 0
1949, 841.9536749124527, 3
1950, 842.3856675624847, 4
1951, 842.8176602125168, 2
1952, 843.2496528625488, 4
1953, 843.6816455125809, 4
1954, 844.1136381626129, 6
1955, 844.545630812645, 4
1956, 844.977623462677, 1
1957, 845.409616112709, 2
1958, 845.8416087627411, 3
1959, 846.2736014127731, 3
1960, 846.7055940628052, 2
1961, 847.1375867128372, 2
1962, 847.5695793628693, 8
1963, 848.0015720129013, 6
1964, 848.4335646629333, 2
1965, 848.8655573129654, 7
1966, 849.2975499629974, 2
1967, 849.7295426130295, 3
1968, 850.1615352630615, 2
1969, 850.5935279130936, 4
1970, 851.0255205631256, 3
1971, 851.4575132131577, 4
1972, 851.8895058631897, 5
1973, 852.3214985132217, 1
1974, 852.7534911632538, 2
1975, 853.1854838132858, 3
1976, 853.6174764633179, 5
1977, 854.0494691133499, 6
1978, 854.481461763382, 5
1979, 854.913454413414, 4
1980, 855.345447063446, 7
1981, 855.7774397134781, 4
1982, 856.2094323635101, 2
1983, 856.6414250135422, 5
1984, 857.0734176635742, 1
1985, 857.5054103136063, 1
1986, 857.9374029636383, 2
1987, 858.3693956136703, 3
1988, 858.8013882637024, 4
1989, 859.2333809137344, 6
1990, 859.6653735637665, 4
1991, 860.0973662137985, 2
1992, 860.5293588638306, 4
1993, 860.9613515138626, 5
1994, 861.3933441638947, 3
1995, 861.8253368139267, 3
1996, 862.2573294639587, 4
1997, 862.6893221139908, 3
1998, 863.1213147640228, 5
1999, 863.5533074140549, 2
2000, 863.9853000640869, 7
2001, 864.417292714119, 4
2002, 864.849285364151, 2
2003, 865.281278014183, 2
2004, 865.7132706642151, 6
2005, 866.1452633142471, 5
2006, 866.5772559642792, 4
2007, 867.0092486143112, 3
2008, 867.4412412643433, 3
2009, 867.8732339143753, 6
2010, 868.3052265644073, 5
2011, 868.7372192144394, 3
2012, 869.1692118644714, 6
2013, 869.6012045145035, 3
2014, 870.0331971645355, 1
2015, 870.4651898145676, 6
2016, 870.8971824645996, 3
2017, 871.3291751146317, 2
2018, 871.7611677646637, 5
2019, 872.1931604146957, 1
2020, 872.6251530647278, 5
2021, 873.0571457147598, 5
2022, 873.4891383647919, 3
2023, 873.9211310148239, 5
2024, 874.353123664856, 2
2025, 874.785116314888, 6
2026, 875.21710896492, 2
2027, 875.6491016149521, 0
2028, 876.0810942649841, 8
2029, 876.5130869150162, 7
2030, 876.9450795650482, 3
2031, 877.3770722150803, 4
2032, 877.8090648651123, 6
2033, 878.2410575151443, 3
2034, 878.6730501651764, 4
2035, 879.1050428152084, 8
2036, 879.5370354652405, 5
2037, 879.9690281152725, 9
2038, 880.4010207653046, 5
2039, 880.8330134153366, 5
2040, 881.2650060653687, 2
2041, 881.6969987154007, 5
2042, 882.1289913654327, 2
2043, 882.5609840154648, 4
2044, 882.9929766654968, 1
2045, 883.4249693155289, 5
2046, 883.8569619655609, 6
2047, 884.288954615593, 5
2048, 884.720947265625, 2
